strategy_id,strategy_name,experiment_name,variant,changed_component,status,gender_accuracy,gender_precision,gender_recall,gender_f1,age_mae,age_rmse,age_r2,samples,trainable_parameters,training_seconds,checkpoint,message,age_mae_0_12,age_mae_13_19,age_mae_20_39,age_mae_40_59,age_mae_60_plus,age_support_0_12,age_support_13_19,age_support_20_39,age_support_40_59,age_support_60_plus,test_samples,train_samples,validation_samples
E1,Baseline clasico,classical_base,base,ninguno,COMPLETADO,0.8698341298847343,0.8698079586029053,0.8698341846466064,0.8698176145553589,10.333670616149902,13.45074462890625,0.5245317816734314,3557,,115.86194386900752,,,13.065457344055176,10.94276237487793,7.803211212158203,8.981120109558105,20.817155838012695,509,197,1827,644,380,3557,16593,3555
E1,Baseline clasico,classical_pca_low,ablacion,PCA=50 componentes (informacion insuficiente),COMPLETADO,0.82569581107675,0.8256148099899292,0.825695812702179,0.8256291151046753,11.90927791595459,15.356757164001465,0.3802337646484375,3557,,41.46951352598262,,,16.32768440246582,13.949450492858887,8.071784019470215,10.192387580871582,26.293214797973633,509,197,1827,644,380,3557,16593,3555
