strategy_id,strategy_name,experiment_name,variant,changed_component,status,gender_accuracy,gender_precision,gender_recall,gender_f1,age_mae,age_rmse,age_r2,samples,trainable_parameters,training_seconds,checkpoint,message,age_mae_0_12,age_mae_13_19,age_mae_20_39,age_mae_40_59,age_mae_60_plus,age_support_0_12,age_support_13_19,age_support_20_39,age_support_40_59,age_support_60_plus,test_samples,train_samples,validation_samples
E2,MLP multitarea,mlp_base,base,ninguno,COMPLETADO,0.8313185268484679,0.8350253105163574,0.8313185572624207,0.8314460515975952,17.57786750793457,23.62370491027832,-0.4666445255279541,3557,77202947,0.0,/home/alumnos/pregrado/nabil.haddad/DeepLearning/Deep_Learning/Lab_03/artifacts/checkpoints/mlp_base/best_model.pt,,5.001921653747559,5.8127665519714355,12.606470108032227,26.071407318115234,50.02993392944336,509,197,1827,644,380,3557,16593,3555
E2,MLP multitarea,mlp_no_dropout,ablacion,dropout=0.0,COMPLETADO,0.8571830193983694,0.863551676273346,0.8571830987930298,0.857195258140564,11.874545097351074,16.08384132385254,0.3201572299003601,3557,77202947,0.0,/home/alumnos/pregrado/nabil.haddad/DeepLearning/Deep_Learning/Lab_03/artifacts/checkpoints/mlp_no_dropout/best_model.pt,,12.367878913879395,11.93958854675293,7.585448741912842,13.987486839294434,28.220661163330078,509,197,1827,644,380,3557,16593,3555
E2,MLP multitarea,mlp_lambda_low,ablacion,lambda_age=0.001,COMPLETADO,0.8287883047511948,0.8287017345428467,0.8287882804870605,0.828689694404602,20.305683135986328,27.38068199157715,-0.9702321290969849,3557,77202947,0.0,/home/alumnos/pregrado/nabil.haddad/DeepLearning/Deep_Learning/Lab_03/artifacts/checkpoints/mlp_lambda_low/best_model.pt,,4.187336444854736,8.732110023498535,14.731609344482422,29.995054244995117,58.274383544921875,509,197,1827,644,380,3557,16593,3555
E2,MLP multitarea,mlp_lambda_high,ablacion,lambda_age=0.1,COMPLETADO,0.831037391059882,0.833221971988678,0.8310374021530151,0.8311997652053833,12.53994083404541,17.582563400268555,0.18755626678466797,3557,77202947,0.0,/home/alumnos/pregrado/nabil.haddad/DeepLearning/Deep_Learning/Lab_03/artifacts/checkpoints/mlp_lambda_high/best_model.pt,,5.901262283325195,5.8386006355285645,8.187390327453613,18.805944442749023,35.21376037597656,509,197,1827,644,380,3557,16593,3555
