strategy_id,strategy_name,experiment_name,variant,changed_component,status,gender_accuracy,gender_precision,gender_recall,gender_f1,age_mae,age_rmse,age_r2,samples,trainable_parameters,training_seconds,checkpoint,message,age_mae_0_12,age_mae_13_19,age_mae_20_39,age_mae_40_59,age_mae_60_plus,age_support_0_12,age_support_13_19,age_support_20_39,age_support_40_59,age_support_60_plus,test_samples,train_samples,validation_samples
E4,ResNet18 congelada,resnet_frozen_base,base,ninguno,COMPLETADO,0.8211976384593759,0.821292519569397,0.8211976289749146,0.8208869695663452,10.971813201904297,14.685054779052734,0.43326497077941895,3557,1539,0.0,/home/alumnos/pregrado/nabil.haddad/DeepLearning/Deep_Learning/Lab_03/artifacts/checkpoints/resnet_frozen_base/best_model.pt,,12.790868759155273,10.039080619812012,6.4781270027160645,11.438444137573242,29.833141326904297,509,197,1827,644,380,3557,16593,3555
E4,ResNet18 congelada,resnet_frozen_no_augmentation,ablacion,sin aumentacion,COMPLETADO,0.823446724768063,0.8235357999801636,0.8234467506408691,0.8234819173812866,10.978440284729004,14.632133483886719,0.4373423457145691,3557,1539,0.0,/home/alumnos/pregrado/nabil.haddad/DeepLearning/Deep_Learning/Lab_03/artifacts/checkpoints/resnet_frozen_no_augmentation/best_model.pt,,13.13499641418457,10.398602485656738,6.591620445251465,11.045194625854492,29.36861801147461,509,197,1827,644,380,3557,16593,3555
E4,ResNet18 congelada,resnet_frozen_lambda_low,ablacion,lambda_age=0.001,COMPLETADO,0.8211976384593759,0.821292519569397,0.8211976289749146,0.8208869695663452,11.516610145568848,15.512850761413574,0.3675704598426819,3557,1539,0.0,/home/alumnos/pregrado/nabil.haddad/DeepLearning/Deep_Learning/Lab_03/artifacts/checkpoints/resnet_frozen_lambda_low/best_model.pt,,14.765549659729004,9.896529197692871,5.870599746704102,12.797530174255371,32.9792366027832,509,197,1827,644,380,3557,16593,3555
E4,ResNet18 congelada,resnet_frozen_lambda_high,ablacion,lambda_age=0.1,COMPLETADO,0.8211976384593759,0.821292519569397,0.8211976289749146,0.8208869695663452,10.91678524017334,14.591436386108398,0.440467894077301,3557,1539,0.0,/home/alumnos/pregrado/nabil.haddad/DeepLearning/Deep_Learning/Lab_03/artifacts/checkpoints/resnet_frozen_lambda_high/best_model.pt,,12.599102020263672,10.069243431091309,6.559174537658691,11.298378944396973,29.406982421875,509,197,1827,644,380,3557,16593,3555
