GDS;GDS_R1;GDS_R2;GDS_R3;GDS_R4;GDS_R5
-0.12627551020408162;-0.10416666666666667;-0.19345238095238096;-0.140625;-0.1324404761904762;-0.19047619047619047
-0.11670918367346939;-0.06696428571428571;-0.22470238095238096;-0.078125;-0.13690476190476192;-0.17857142857142858
-0.12627551020408162;-0.09672619047619048;-0.22321428571428573;-0.13392857142857142;-0.12351190476190477;-0.17857142857142858
-0.11160714285714286;-0.09375;-0.20089285714285715;-0.14508928571428573;-0.11011904761904762;-0.16071428571428573
-0.12491992312620115;-0.10911808669656203;-0.2077727952167414;-0.10089686098654709;-0.12855007473841554;-0.17040358744394618
